{
  "project_info": {
    "project_number": "428248768214",
    "firebase_url": "https://praktikum-mobileapp-78b41-default-rtdb.asia-southeast1.firebasedatabase.app",
    "project_id": "praktikum-mobileapp-78b41",
    "storage_bucket": "praktikum-mobileapp-78b41.appspot.com"
  },
  "client": [
    {
      "client_info": {
        "mobilesdk_app_id": "1:428248768214:android:0e8fd16ba80d78ed48b377",
        "android_client_info": {
          "package_name": "id.ac.usm"
        }
      },
      "oauth_client": [],
      "api_key": [
        {
          "current_key": "AIzaSyA8rOQkw5XJgiqngM9uGDLFqZ7MLG1cUrc"
        }
      ],
      "services": {
        "appinvite_service": {
          "other_platform_oauth_client": []
        }
      }
    }
  ],
  "configuration_version": "1"
}